name,kcal_per_100g,category
Bakla,341.0,Bakliyat
Bakla (haşlanmış),119.3,Bakliyat
Bakla (pişmiş),110.0,Bakliyat
Bakla (çiğ),341.0,Bakliyat
Barbunya (haşlanmış),117.2,Bakliyat
Barbunya (pişmiş),127.0,Bakliyat
Barbunya (çiğ),335.0,Bakliyat
Bezelye (kuru) (haşlanmış),123.2,Bakliyat
Bezelye (kuru) (çiğ),352.0,Bakliyat
Börülce (haşlanmış),117.6,Bakliyat
Börülce (pişmiş),116.0,Bakliyat
Börülce (çiğ),336.0,Bakliyat
Kuru barbunya (haşlanmış),117.2,Bakliyat
Kuru barbunya (çiğ),335.0,Bakliyat
Kuru börülce (haşlanmış),117.6,Bakliyat
Kuru börülce (çiğ),336.0,Bakliyat
Kuru fasulye (haşlanmış),116.5,Bakliyat
Kuru fasulye (pişmiş),127.0,Bakliyat
Kuru fasulye (çiğ),333.0,Bakliyat
Kuru nohut (haşlanmış),127.4,Bakliyat
Kuru nohut (çiğ),364.0,Bakliyat
Kırmızı fasulye (haşlanmış),127.0,Bakliyat
Kırmızı mercimek (haşlanmış),125.3,Bakliyat
Kırmızı mercimek (çiğ),358.0,Bakliyat
Maş fasulyesi (haşlanmış),105.0,Bakliyat
Mercimek (haşlanmış),123.2,Bakliyat
Mercimek (pişmiş),116.0,Bakliyat
Mercimek (çiğ),352.0,Bakliyat
Mercimek unu,352.0,Bakliyat
Mercimek çorbası (pişmiş),70.0,Bakliyat
Nohut (haşlanmış),127.4,Bakliyat
Nohut (pişmiş),164.0,Bakliyat
Nohut (çiğ),364.0,Bakliyat
Nohut unu,387.0,Bakliyat
Sarı mercimek (haşlanmış),123.2,Bakliyat
Sarı mercimek (çiğ),352.0,Bakliyat
Soya fasulyesi,446.0,Bakliyat
Soya fasulyesi (haşlanmış),156.1,Bakliyat
Soya fasulyesi (çiğ),446.0,Bakliyat
Yeşil mercimek (haşlanmış),123.5,Bakliyat
Yeşil mercimek (çiğ),353.0,Bakliyat
Ahtapot,164.0,Balık ve Deniz Ürünleri
Ahtapot (fırınlanmış),172.2,Balık ve Deniz Ürünleri
Ahtapot (pişmiş),164.0,Balık ve Deniz Ürünleri
Ahtapot (ızgara),180.4,Balık ve Deniz Ürünleri
Alabalık,148.0,Balık ve Deniz Ürünleri
Alabalık (fırınlanmış),155.4,Balık ve Deniz Ürünleri
Alabalık (pişmiş),148.0,Balık ve Deniz Ürünleri
Alabalık (ızgara),155.4,Balık ve Deniz Ürünleri
Barbun,124.0,Balık ve Deniz Ürünleri
Barbun (fırınlanmış),130.2,Balık ve Deniz Ürünleri
Barbun (pişmiş),124.0,Balık ve Deniz Ürünleri
Barbun (ızgara),130.2,Balık ve Deniz Ürünleri
Dil balığı,91.0,Balık ve Deniz Ürünleri
Dil balığı (fırınlanmış),95.0,Balık ve Deniz Ürünleri
Dil balığı (pişmiş),91.0,Balık ve Deniz Ürünleri
Dil balığı (ızgara),100.0,Balık ve Deniz Ürünleri
Kalamar,175.0,Balık ve Deniz Ürünleri
Kalamar (fırınlanmış),183.8,Balık ve Deniz Ürünleri
Kalamar (pişmiş),175.0,Balık ve Deniz Ürünleri
Kalamar (ızgara),192.5,Balık ve Deniz Ürünleri
Kalkan,130.0,Balık ve Deniz Ürünleri
Kalkan (fırınlanmış),136.5,Balık ve Deniz Ürünleri
Kalkan (pişmiş),130.0,Balık ve Deniz Ürünleri
Kalkan (ızgara),136.5,Balık ve Deniz Ürünleri
Karides,99.0,Balık ve Deniz Ürünleri
Karides (fırınlanmış),104.0,Balık ve Deniz Ürünleri
Karides (pişmiş),99.0,Balık ve Deniz Ürünleri
Karides (ızgara),108.9,Balık ve Deniz Ürünleri
Kefal,120.0,Balık ve Deniz Ürünleri
Kefal (fırınlanmış),126.0,Balık ve Deniz Ürünleri
Kefal (pişmiş),120.0,Balık ve Deniz Ürünleri
Kefal (ızgara),126.0,Balık ve Deniz Ürünleri
Kılıç balığı,172.0,Balık ve Deniz Ürünleri
Kılıç balığı (fırınlanmış),180.6,Balık ve Deniz Ürünleri
Kılıç balığı (pişmiş),172.0,Balık ve Deniz Ürünleri
Kılıç balığı (ızgara),180.6,Balık ve Deniz Ürünleri
Kırlangıç balığı,110.0,Balık ve Deniz Ürünleri
Kırlangıç balığı (fırınlanmış),115.0,Balık ve Deniz Ürünleri
Kırlangıç balığı (pişmiş),110.0,Balık ve Deniz Ürünleri
Kırlangıç balığı (ızgara),121.0,Balık ve Deniz Ürünleri
Levrek,124.0,Balık ve Deniz Ürünleri
Levrek (fırınlanmış),130.2,Balık ve Deniz Ürünleri
Levrek (pişmiş),124.0,Balık ve Deniz Ürünleri
Levrek (ızgara),130.2,Balık ve Deniz Ürünleri
Lüfer,140.0,Balık ve Deniz Ürünleri
Lüfer (fırınlanmış),147.0,Balık ve Deniz Ürünleri
Lüfer (pişmiş),140.0,Balık ve Deniz Ürünleri
Lüfer (ızgara),147.0,Balık ve Deniz Ürünleri
Mercan,110.0,Balık ve Deniz Ürünleri
Mercan (fırınlanmış),115.5,Balık ve Deniz Ürünleri
Mercan (pişmiş),110.0,Balık ve Deniz Ürünleri
Mercan (ızgara),115.5,Balık ve Deniz Ürünleri
Mercan balığı,120.0,Balık ve Deniz Ürünleri
Mercan balığı (fırınlanmış),126.0,Balık ve Deniz Ürünleri
Mercan balığı (pişmiş),120.0,Balık ve Deniz Ürünleri
Mercan balığı (ızgara),132.0,Balık ve Deniz Ürünleri
Mezgit,86.0,Balık ve Deniz Ürünleri
Mezgit (fırınlanmış),90.3,Balık ve Deniz Ürünleri
Mezgit (pişmiş),86.0,Balık ve Deniz Ürünleri
Mezgit (ızgara),90.3,Balık ve Deniz Ürünleri
Midye,172.0,Balık ve Deniz Ürünleri
Midye (fırınlanmış),180.6,Balık ve Deniz Ürünleri
Midye (pişmiş),172.0,Balık ve Deniz Ürünleri
Midye (ızgara),189.2,Balık ve Deniz Ürünleri
Orkinos,144.0,Balık ve Deniz Ürünleri
Orkinos (fırınlanmış),151.0,Balık ve Deniz Ürünleri
Orkinos (pişmiş),144.0,Balık ve Deniz Ürünleri
Orkinos (ızgara),151.0,Balık ve Deniz Ürünleri
Palamut,144.0,Balık ve Deniz Ürünleri
Palamut (fırınlanmış),151.2,Balık ve Deniz Ürünleri
Palamut (pişmiş),144.0,Balık ve Deniz Ürünleri
Palamut (ızgara),151.2,Balık ve Deniz Ürünleri
Sardalya,208.0,Balık ve Deniz Ürünleri
Sardalya (fırınlanmış),218.4,Balık ve Deniz Ürünleri
Sardalya (pişmiş),208.0,Balık ve Deniz Ürünleri
Sardalya (ızgara),228.8,Balık ve Deniz Ürünleri
Sarıkanat,165.0,Balık ve Deniz Ürünleri
Sarıkanat (fırınlanmış),173.0,Balık ve Deniz Ürünleri
Sarıkanat (pişmiş),165.0,Balık ve Deniz Ürünleri
Sarıkanat (ızgara),181.0,Balık ve Deniz Ürünleri
Sazan,127.0,Balık ve Deniz Ürünleri
Sazan (fırınlanmış),133.3,Balık ve Deniz Ürünleri
Sazan (pişmiş),127.0,Balık ve Deniz Ürünleri
Sazan (ızgara),133.3,Balık ve Deniz Ürünleri
Somon,208.0,Balık ve Deniz Ürünleri
Somon (fırınlanmış),218.4,Balık ve Deniz Ürünleri
Somon (pişmiş),208.0,Balık ve Deniz Ürünleri
Somon (ızgara),218.4,Balık ve Deniz Ürünleri
Ton balığı,132.0,Balık ve Deniz Ürünleri
Ton balığı (fırınlanmış),138.6,Balık ve Deniz Ürünleri
Ton balığı (pişmiş),132.0,Balık ve Deniz Ürünleri
Ton balığı (ızgara),145.2,Balık ve Deniz Ürünleri
Uskumru,205.0,Balık ve Deniz Ürünleri
Uskumru (fırınlanmış),215.2,Balık ve Deniz Ürünleri
Uskumru (pişmiş),205.0,Balık ve Deniz Ürünleri
Uskumru (ızgara),215.2,Balık ve Deniz Ürünleri
Zargana,110.0,Balık ve Deniz Ürünleri
Zargana (fırınlanmış),115.5,Balık ve Deniz Ürünleri
Zargana (pişmiş),110.0,Balık ve Deniz Ürünleri
Zargana (ızgara),121.0,Balık ve Deniz Ürünleri
Çinekop,150.0,Balık ve Deniz Ürünleri
Çinekop (fırınlanmış),158.0,Balık ve Deniz Ürünleri
Çinekop (pişmiş),150.0,Balık ve Deniz Ürünleri
Çinekop (ızgara),158.0,Balık ve Deniz Ürünleri
Çipura,96.0,Balık ve Deniz Ürünleri
Çipura (fırınlanmış),100.8,Balık ve Deniz Ürünleri
Çipura (pişmiş),96.0,Balık ve Deniz Ürünleri
Çipura (ızgara),100.8,Balık ve Deniz Ürünleri
İskorpit,120.0,Balık ve Deniz Ürünleri
İskorpit (fırınlanmış),126.0,Balık ve Deniz Ürünleri
İskorpit (pişmiş),120.0,Balık ve Deniz Ürünleri
İskorpit (ızgara),132.0,Balık ve Deniz Ürünleri
İstavrit,133.0,Balık ve Deniz Ürünleri
İstavrit (fırınlanmış),157.0,Balık ve Deniz Ürünleri
İstavrit (pişmiş),133.0,Balık ve Deniz Ürünleri
İstavrit (ızgara),165.0,Balık ve Deniz Ürünleri
İzmarit,130.0,Balık ve Deniz Ürünleri
İzmarit (fırınlanmış),136.0,Balık ve Deniz Ürünleri
İzmarit (pişmiş),130.0,Balık ve Deniz Ürünleri
İzmarit (ızgara),143.0,Balık ve Deniz Ürünleri
Bebek bisküvisi,430.0,Bebek / Çocuk
Bebek maması (meyve),60.0,Bebek / Çocuk
Bebek maması (pirinç),370.0,Bebek / Çocuk
Bebek maması (sebze),80.0,Bebek / Çocuk
Bebek maması (süt bazlı),450.0,Bebek / Çocuk
Bebek maması (tahıl),380.0,Bebek / Çocuk
Bebek muhallebisi,120.0,Bebek / Çocuk
Bebek peyniri,220.0,Bebek / Çocuk
Bebek yoğurdu,75.0,Bebek / Çocuk
Devam sütü,67.0,Bebek / Çocuk
Pirinç unu,360.0,Bebek / Çocuk
Ciğer,191.0,Et ve Et Ürünleri
Ciğer (fırınlanmış),210.1,Et ve Et Ürünleri
Ciğer (pişmiş),200.6,Et ve Et Ürünleri
Ciğer (ızgara),220.0,Et ve Et Ürünleri
Dana antrikot (fırınlanmış),287.5,Et ve Et Ürünleri
Dana antrikot (çiğ),250.0,Et ve Et Ürünleri
Dana antrikot (ızgara),287.5,Et ve Et Ürünleri
Dana biftek (fırınlanmış),260.0,Et ve Et Ürünleri
Dana biftek (çiğ),200.0,Et ve Et Ürünleri
Dana biftek (ızgara),260.0,Et ve Et Ürünleri
Dana bonfile (fırınlanmış),218.5,Et ve Et Ürünleri
Dana bonfile (çiğ),190.0,Et ve Et Ürünleri
Dana bonfile (ızgara),218.5,Et ve Et Ürünleri
Dana döş (fırınlanmış),330.0,Et ve Et Ürünleri
Dana döş (çiğ),290.0,Et ve Et Ürünleri
Dana döş (ızgara),320.0,Et ve Et Ürünleri
Dana incik (fırınlanmış),207.0,Et ve Et Ürünleri
Dana incik (çiğ),180.0,Et ve Et Ürünleri
Dana incik (ızgara),207.0,Et ve Et Ürünleri
Dana kaburga (fırınlanmış),345.0,Et ve Et Ürünleri
Dana kaburga (çiğ),300.0,Et ve Et Ürünleri
Dana kaburga (ızgara),345.0,Et ve Et Ürünleri
Dana kontrfile (fırınlanmış),241.5,Et ve Et Ürünleri
Dana kontrfile (çiğ),210.0,Et ve Et Ürünleri
Dana kontrfile (ızgara),241.5,Et ve Et Ürünleri
Dana kuşbaşı (fırınlanmış),230.0,Et ve Et Ürünleri
Dana kuşbaşı (çiğ),200.0,Et ve Et Ürünleri
Dana kuşbaşı (ızgara),230.0,Et ve Et Ürünleri
Dana köfte (ızgara),250.0,Et ve Et Ürünleri
Dana pirzola (çiğ),260.0,Et ve Et Ürünleri
Dana pirzola (ızgara),300.0,Et ve Et Ürünleri
Dana rosto (fırınlanmış),280.0,Et ve Et Ürünleri
Dana salam,336.0,Et ve Et Ürünleri
Dana salam (fırınlanmış),369.6,Et ve Et Ürünleri
Dana salam (pişmiş),352.8,Et ve Et Ürünleri
Dana salam (ızgara),369.6,Et ve Et Ürünleri
Dana sosis,301.0,Et ve Et Ürünleri
Dana sosis (fırınlanmış),331.1,Et ve Et Ürünleri
Dana sosis (pişmiş),316.1,Et ve Et Ürünleri
Dana sosis (ızgara),331.1,Et ve Et Ürünleri
Dana sucuk,450.0,Et ve Et Ürünleri
Dana sucuk (fırınlanmış),495.0,Et ve Et Ürünleri
Dana sucuk (pişmiş),472.5,Et ve Et Ürünleri
Dana sucuk (ızgara),495.0,Et ve Et Ürünleri
Dana şiş (ızgara),280.0,Et ve Et Ürünleri
Et döner,280.0,Et ve Et Ürünleri
Et döner (fırınlanmış),308.0,Et ve Et Ürünleri
Et döner (pişmiş),294.0,Et ve Et Ürünleri
Et döner (ızgara),308.0,Et ve Et Ürünleri
Kavurma,330.0,Et ve Et Ürünleri
Kavurma (fırınlanmış),363.0,Et ve Et Ürünleri
Kavurma (pişmiş),346.5,Et ve Et Ürünleri
Kavurma (ızgara),363.0,Et ve Et Ürünleri
Kuzu incik (fırınlanmış),264.0,Et ve Et Ürünleri
Kuzu incik (çiğ),240.0,Et ve Et Ürünleri
Kuzu incik (ızgara),264.0,Et ve Et Ürünleri
Kuzu kol (fırınlanmış),297.0,Et ve Et Ürünleri
Kuzu kol (çiğ),270.0,Et ve Et Ürünleri
Kuzu kol (ızgara),297.0,Et ve Et Ürünleri
Kuzu kuşbaşı (fırınlanmış),275.0,Et ve Et Ürünleri
Kuzu kuşbaşı (çiğ),250.0,Et ve Et Ürünleri
Kuzu kuşbaşı (ızgara),275.0,Et ve Et Ürünleri
Kuzu pirzola (fırınlanmış),352.0,Et ve Et Ürünleri
Kuzu pirzola (çiğ),320.0,Et ve Et Ürünleri
Kuzu pirzola (ızgara),352.0,Et ve Et Ürünleri
Kuzu rosto (fırınlanmış),320.0,Et ve Et Ürünleri
Kuzu şiş (ızgara),290.0,Et ve Et Ürünleri
Köfte (ızgara),250.0,Et ve Et Ürünleri
Pastırma,200.0,Et ve Et Ürünleri
Pastırma (fırınlanmış),220.0,Et ve Et Ürünleri
Pastırma (pişmiş),210.0,Et ve Et Ürünleri
Pastırma (ızgara),220.0,Et ve Et Ürünleri
Acı sos,50.0,Hazır / İşlenmiş Gıdalar
Açma,390.0,Hazır / İşlenmiş Gıdalar
Biber salçası,82.0,Hazır / İşlenmiş Gıdalar
Bulgur köftesi (pişmiş),180.0,Hazır / İşlenmiş Gıdalar
Cips,536.0,Hazır / İşlenmiş Gıdalar
Domates salçası,82.0,Hazır / İşlenmiş Gıdalar
Dondurulmuş bezelye,80.0,Hazır / İşlenmiş Gıdalar
Dondurulmuş mısır,86.0,Hazır / İşlenmiş Gıdalar
Dondurulmuş patates,160.0,Hazır / İşlenmiş Gıdalar
Dondurulmuş sebze karışımı,60.0,Hazır / İşlenmiş Gıdalar
Dondurulmuş ıspanak,23.0,Hazır / İşlenmiş Gıdalar
Ekmek içi,260.0,Hazır / İşlenmiş Gıdalar
Hardal,66.0,Hazır / İşlenmiş Gıdalar
Hazır erişte,360.0,Hazır / İşlenmiş Gıdalar
Hazır mantı,250.0,Hazır / İşlenmiş Gıdalar
Hazır pizza,270.0,Hazır / İşlenmiş Gıdalar
Hazır puding,120.0,Hazır / İşlenmiş Gıdalar
Hazır çorba,350.0,Hazır / İşlenmiş Gıdalar
Jambon (hindi),120.0,Hazır / İşlenmiş Gıdalar
Karabiber,251.0,Hazır / İşlenmiş Gıdalar
Kekik,265.0,Hazır / İşlenmiş Gıdalar
Ketçap,112.0,Hazır / İşlenmiş Gıdalar
Kimyon,375.0,Hazır / İşlenmiş Gıdalar
Konserve bezelye,70.0,Hazır / İşlenmiş Gıdalar
Konserve fasulye,110.0,Hazır / İşlenmiş Gıdalar
Konserve mercimek,110.0,Hazır / İşlenmiş Gıdalar
Konserve mısır,86.0,Hazır / İşlenmiş Gıdalar
Konserve nohut,140.0,Hazır / İşlenmiş Gıdalar
Konserve sardalya,200.0,Hazır / İşlenmiş Gıdalar
Konserve ton balığı,132.0,Hazır / İşlenmiş Gıdalar
Köfte harcı,220.0,Hazır / İşlenmiş Gıdalar
Lahmacun,250.0,Hazır / İşlenmiş Gıdalar
Mayonez,680.0,Hazır / İşlenmiş Gıdalar
Pirinç pilavı (pişmiş),170.0,Hazır / İşlenmiş Gıdalar
Pul biber,282.0,Hazır / İşlenmiş Gıdalar
Salam,336.0,Hazır / İşlenmiş Gıdalar
Salam (dana),336.0,Hazır / İşlenmiş Gıdalar
Salam (paket),336.0,Hazır / İşlenmiş Gıdalar
Salça,82.0,Hazır / İşlenmiş Gıdalar
Salça (biber),82.0,Hazır / İşlenmiş Gıdalar
Salça (domates),82.0,Hazır / İşlenmiş Gıdalar
Sandviç ekmeği,265.0,Hazır / İşlenmiş Gıdalar
Sos (soya),53.0,Hazır / İşlenmiş Gıdalar
Sosis,301.0,Hazır / İşlenmiş Gıdalar
Sosis (paket),301.0,Hazır / İşlenmiş Gıdalar
Sosis (tavuk),250.0,Hazır / İşlenmiş Gıdalar
Sucuk,450.0,Hazır / İşlenmiş Gıdalar
Sucuk (dana),450.0,Hazır / İşlenmiş Gıdalar
Tarhana,336.0,Hazır / İşlenmiş Gıdalar
Tarhana çorbası (pişmiş),60.0,Hazır / İşlenmiş Gıdalar
Tarçın,247.0,Hazır / İşlenmiş Gıdalar
Tost (peynirli),280.0,Hazır / İşlenmiş Gıdalar
Turşu,12.0,Hazır / İşlenmiş Gıdalar
Zeytin (siyah),115.0,Hazır / İşlenmiş Gıdalar
Zeytin (yeşil),145.0,Hazır / İşlenmiş Gıdalar
Zeytin ezmesi,250.0,Hazır / İşlenmiş Gıdalar
Antep fıstığı,562.0,Kuruyemiş ve Tohumlar
Ay çekirdeği (iç),584.0,Kuruyemiş ve Tohumlar
Badem,579.0,Kuruyemiş ve Tohumlar
Badem (kavrulmuş),600.0,Kuruyemiş ve Tohumlar
Badem ezmesi,600.0,Kuruyemiş ve Tohumlar
Beyaz leblebi,370.0,Kuruyemiş ve Tohumlar
Brezilya cevizi,659.0,Kuruyemiş ve Tohumlar
Ceviz,654.0,Kuruyemiş ve Tohumlar
Ceviz içi,654.0,Kuruyemiş ve Tohumlar
Chia tohumu,486.0,Kuruyemiş ve Tohumlar
Fındık,628.0,Kuruyemiş ve Tohumlar
Fındık (kavrulmuş),650.0,Kuruyemiş ve Tohumlar
Fındık ezmesi,600.0,Kuruyemiş ve Tohumlar
Fıstık ezmesi,588.0,Kuruyemiş ve Tohumlar
Haşhaş tohumu,525.0,Kuruyemiş ve Tohumlar
Hindistan cevizi (rendelenmiş),660.0,Kuruyemiş ve Tohumlar
Kabak çekirdeği (kabuksuz),559.0,Kuruyemiş ve Tohumlar
Kabak çekirdeği içi,559.0,Kuruyemiş ve Tohumlar
Kaju,553.0,Kuruyemiş ve Tohumlar
Keten tohumu,534.0,Kuruyemiş ve Tohumlar
Leblebi,364.0,Kuruyemiş ve Tohumlar
Leblebi (beyaz),356.0,Kuruyemiş ve Tohumlar
Leblebi (kavrulmuş),370.0,Kuruyemiş ve Tohumlar
Leblebi (sarı),356.0,Kuruyemiş ve Tohumlar
Pekan cevizi,691.0,Kuruyemiş ve Tohumlar
Pekmezli tahin,450.0,Kuruyemiş ve Tohumlar
Sarı leblebi,364.0,Kuruyemiş ve Tohumlar
Susam,573.0,Kuruyemiş ve Tohumlar
Tahin,595.0,Kuruyemiş ve Tohumlar
Tahini,595.0,Kuruyemiş ve Tohumlar
Yer fıstığı,567.0,Kuruyemiş ve Tohumlar
Yer fıstığı ezmesi,588.0,Kuruyemiş ve Tohumlar
Çam fıstığı,673.0,Kuruyemiş ve Tohumlar
Çörek otu,375.0,Kuruyemiş ve Tohumlar
Ahududu,52.0,Meyveler
Alıç,80.0,Meyveler
Ananas,50.0,Meyveler
Ananas (konserve),60.0,Meyveler
Armut,57.0,Meyveler
Armut (ankara),57.0,Meyveler
Armut (deveci),57.0,Meyveler
Armut (komposto),70.0,Meyveler
Armut (kuru),262.0,Meyveler
Armut (kurutulmuş),262.0,Meyveler
Armut (santa maria),57.0,Meyveler
Aronya,47.0,Meyveler
Avokado,160.0,Meyveler
Ayva,57.0,Meyveler
Ayva (komposto),70.0,Meyveler
Beyaz üzüm,69.0,Meyveler
Böğürtlen,43.0,Meyveler
Dut,43.0,Meyveler
Elma,52.0,Meyveler
Elma (komposto),65.0,Meyveler
Elma (kuru),243.0,Meyveler
Elma (kurutulmuş),243.0,Meyveler
Elma (kırmızı),52.0,Meyveler
Elma (yeşil),52.0,Meyveler
Erik,46.0,Meyveler
Erik (kuru),240.0,Meyveler
Greyfurt,42.0,Meyveler
Gül elması,52.0,Meyveler
Hurma,282.0,Meyveler
Hurma (kuru),282.0,Meyveler
Kara üzüm,69.0,Meyveler
Karpuz,30.0,Meyveler
Karpuz (dilim),30.0,Meyveler
Karpuz (çekirdeksiz),30.0,Meyveler
Kavun,34.0,Meyveler
Kavun (bal),34.0,Meyveler
Kayısı,48.0,Meyveler
Kayısı (konserve),70.0,Meyveler
Kayısı (kuru),241.0,Meyveler
Kestane,213.0,Meyveler
Kestane (fırınlanmış),200.0,Meyveler
Kestane (haşlanmış),171.0,Meyveler
Keçiboynuzu,222.0,Meyveler
Keçiboynuzu pekmezi,293.0,Meyveler
Kiraz,63.0,Meyveler
Kiraz (ekşi),60.0,Meyveler
Kivi,61.0,Meyveler
Kumkuat,71.0,Meyveler
Kızılcık,46.0,Meyveler
Kızılcık suyu,40.0,Meyveler
Limon,29.0,Meyveler
Liçi,66.0,Meyveler
Mandalina,53.0,Meyveler
Mandalina (klemantin),53.0,Meyveler
Mandalina (satsuma),53.0,Meyveler
Mango,60.0,Meyveler
Muz,89.0,Meyveler
Muşmula,47.0,Meyveler
Nar,83.0,Meyveler
Nektarin,44.0,Meyveler
Papaya,43.0,Meyveler
Portakal,47.0,Meyveler
Portakal (Washington),47.0,Meyveler
Portakal (kan portakalı),47.0,Meyveler
Portakal (valencia),47.0,Meyveler
Portakal (washington),47.0,Meyveler
Trabzon hurması,70.0,Meyveler
Vişne,50.0,Meyveler
Yaban mersini,57.0,Meyveler
Yeni dünya,47.0,Meyveler
Çilek,32.0,Meyveler
Çilek (orman),32.0,Meyveler
Üvez,75.0,Meyveler
Üzüm,69.0,Meyveler
Üzüm (beyaz),69.0,Meyveler
Üzüm (kuru),299.0,Meyveler
Üzüm (siyah),69.0,Meyveler
Üzüm (çekirdeksiz),69.0,Meyveler
İncir,74.0,Meyveler
İncir (kuru),249.0,Meyveler
Şeftali,39.0,Meyveler
Şeftali (beyaz),39.0,Meyveler
Şeftali (konserve),65.0,Meyveler
Acı biber,40.0,Sebzeler
Acı biber (fırınlanmış),48.0,Sebzeler
Acı biber (haşlanmış),42.0,Sebzeler
Acı biber (pişmiş),46.0,Sebzeler
Acı biber (ızgara),50.0,Sebzeler
Bamya,33.0,Sebzeler
Bamya (fırınlanmış),37.9,Sebzeler
Bamya (haşlanmış),34.6,Sebzeler
Bamya (pişmiş),37.9,Sebzeler
Bamya (ızgara),41.2,Sebzeler
Bezelye,81.0,Sebzeler
Bezelye (fırınlanmış),97.2,Sebzeler
Bezelye (haşlanmış),85.0,Sebzeler
Bezelye (pişmiş),84.0,Sebzeler
Bezelye (ızgara),101.2,Sebzeler
Biber,31.0,Sebzeler
Biber (fırınlanmış),35.6,Sebzeler
Biber (haşlanmış),32.6,Sebzeler
Biber (jalapeno),29.0,Sebzeler
Biber (jalapeno) (haşlanmış),30.5,Sebzeler
Biber (pişmiş),33.5,Sebzeler
Biber (ızgara),35.6,Sebzeler
Brokoli,34.0,Sebzeler
Brokoli (fırınlanmış),39.1,Sebzeler
Brokoli (haşlanmış),35.7,Sebzeler
Brokoli (pişmiş),36.0,Sebzeler
Brokoli (ızgara),40.0,Sebzeler
Brokoli sapı,28.0,Sebzeler
Brokoli sapı (fırınlanmış),33.6,Sebzeler
Brokoli sapı (haşlanmış),29.4,Sebzeler
Brokoli sapı (pişmiş),32.2,Sebzeler
Brokoli sapı (ızgara),35.0,Sebzeler
Brüksel lahanası,43.0,Sebzeler
Brüksel lahanası (fırınlanmış),51.0,Sebzeler
Brüksel lahanası (haşlanmış),45.1,Sebzeler
Brüksel lahanası (pişmiş),49.4,Sebzeler
Brüksel lahanası (ızgara),53.8,Sebzeler
Dereotu,43.0,Sebzeler
Dereotu (fırınlanmış),51.6,Sebzeler
Dereotu (haşlanmış),47.3,Sebzeler
Dereotu (pişmiş),49.4,Sebzeler
Dereotu (ızgara),53.8,Sebzeler
Dolmalık biber,26.0,Sebzeler
Dolmalık biber (fırınlanmış),29.9,Sebzeler
Dolmalık biber (haşlanmış),27.3,Sebzeler
Dolmalık biber (pişmiş),28.1,Sebzeler
Dolmalık biber (ızgara),29.9,Sebzeler
Domates,18.0,Sebzeler
Domates (fırınlanmış),22.0,Sebzeler
Domates (haşlanmış),18.9,Sebzeler
Domates (pişmiş),19.4,Sebzeler
Domates (çeri),18.0,Sebzeler
Domates (çeri) (haşlanmış),18.9,Sebzeler
Domates (ızgara),20.7,Sebzeler
Enginar,47.0,Sebzeler
Enginar (fırınlanmış),54.0,Sebzeler
Enginar (haşlanmış),49.4,Sebzeler
Enginar (pişmiş),54.0,Sebzeler
Enginar (ızgara),58.8,Sebzeler
Fesleğen,23.0,Sebzeler
Fesleğen (fırınlanmış),27.6,Sebzeler
Fesleğen (haşlanmış),25.3,Sebzeler
Fesleğen (pişmiş),26.4,Sebzeler
Fesleğen (ızgara),28.8,Sebzeler
Göbek marul,14.0,Sebzeler
Göbek marul (fırınlanmış),16.8,Sebzeler
Göbek marul (haşlanmış),15.4,Sebzeler
Göbek marul (pişmiş),16.1,Sebzeler
Göbek marul (ızgara),17.5,Sebzeler
Havuç,41.0,Sebzeler
Havuç (bebek),41.0,Sebzeler
Havuç (bebek) (haşlanmış),43.1,Sebzeler
Havuç (fırınlanmış),47.1,Sebzeler
Havuç (haşlanmış),43.1,Sebzeler
Havuç (pişmiş),47.1,Sebzeler
Havuç (ızgara),51.2,Sebzeler
Ispanak,23.0,Sebzeler
Ispanak (fırınlanmış),27.6,Sebzeler
Ispanak (haşlanmış),24.2,Sebzeler
Ispanak (pişmiş),26.0,Sebzeler
Ispanak (ızgara),28.8,Sebzeler
Kabak,17.0,Sebzeler
Kabak (bal),17.0,Sebzeler
Kabak (bal) (haşlanmış),17.9,Sebzeler
Kabak (fırınlanmış),19.5,Sebzeler
Kabak (haşlanmış),17.9,Sebzeler
Kabak (pişmiş),18.4,Sebzeler
Kabak (sakız),17.0,Sebzeler
Kabak (sakız) (haşlanmış),17.9,Sebzeler
Kabak (ızgara),19.5,Sebzeler
Kabak çiçeği,19.0,Sebzeler
Kabak çiçeği (fırınlanmış),22.8,Sebzeler
Kabak çiçeği (haşlanmış),19.9,Sebzeler
Kabak çiçeği (pişmiş),21.8,Sebzeler
Kabak çiçeği (ızgara),23.8,Sebzeler
Kapya biber,31.0,Sebzeler
Kapya biber (fırınlanmış),35.6,Sebzeler
Kapya biber (haşlanmış),32.6,Sebzeler
Kapya biber (pişmiş),33.5,Sebzeler
Kapya biber (ızgara),35.6,Sebzeler
Kara lahana,32.0,Sebzeler
Kara lahana (fırınlanmış),38.4,Sebzeler
Kara lahana (haşlanmış),33.6,Sebzeler
Kara lahana (pişmiş),35.0,Sebzeler
Kara lahana (ızgara),40.0,Sebzeler
Karnabahar,25.0,Sebzeler
Karnabahar (fırınlanmış),28.7,Sebzeler
Karnabahar (haşlanmış),26.2,Sebzeler
Karnabahar (pişmiş),27.0,Sebzeler
Karnabahar (çiçek),25.0,Sebzeler
Karnabahar (çiçek) (haşlanmış),26.2,Sebzeler
Karnabahar (ızgara),35.0,Sebzeler
Karnabahar yaprağı,22.0,Sebzeler
Karnabahar yaprağı (fırınlanmış),26.4,Sebzeler
Karnabahar yaprağı (haşlanmış),23.1,Sebzeler
Karnabahar yaprağı (pişmiş),25.3,Sebzeler
Karnabahar yaprağı (ızgara),27.5,Sebzeler
Kereviz,42.0,Sebzeler
Kereviz (fırınlanmış),48.3,Sebzeler
Kereviz (haşlanmış),44.1,Sebzeler
Kereviz (pişmiş),48.3,Sebzeler
Kereviz (yaprak),16.0,Sebzeler
Kereviz (yaprak) (haşlanmış),16.8,Sebzeler
Kereviz (ızgara),52.5,Sebzeler
Kereviz kökü,42.0,Sebzeler
Kereviz kökü (fırınlanmış),50.4,Sebzeler
Kereviz kökü (haşlanmış),44.1,Sebzeler
Kereviz kökü (pişmiş),48.3,Sebzeler
Kereviz kökü (ızgara),52.5,Sebzeler
Kereviz sapı,16.0,Sebzeler
Kereviz sapı (fırınlanmış),19.2,Sebzeler
Kereviz sapı (haşlanmış),16.8,Sebzeler
Kereviz sapı (pişmiş),18.4,Sebzeler
Kereviz sapı (ızgara),20.0,Sebzeler
Kestane mantarı,22.0,Sebzeler
Kestane mantarı (fırınlanmış),26.4,Sebzeler
Kestane mantarı (haşlanmış),23.1,Sebzeler
Kestane mantarı (pişmiş),25.3,Sebzeler
Kestane mantarı (ızgara),27.5,Sebzeler
Kornişon,16.0,Sebzeler
Kornişon (fırınlanmış),19.2,Sebzeler
Kornişon (haşlanmış),17.6,Sebzeler
Kornişon (pişmiş),18.4,Sebzeler
Kornişon (ızgara),20.0,Sebzeler
Kuşkonmaz,20.0,Sebzeler
Kuşkonmaz (fırınlanmış),23.0,Sebzeler
Kuşkonmaz (haşlanmış),21.0,Sebzeler
Kuşkonmaz (pişmiş),23.0,Sebzeler
Kuşkonmaz (ızgara),22.0,Sebzeler
Köz biber,35.0,Sebzeler
Köz biber (fırınlanmış),42.0,Sebzeler
Köz biber (haşlanmış),38.5,Sebzeler
Köz biber (pişmiş),40.2,Sebzeler
Köz biber (ızgara),43.8,Sebzeler
Közlenmiş biber,35.0,Sebzeler
Közlenmiş biber (fırınlanmış),42.0,Sebzeler
Közlenmiş biber (haşlanmış),38.5,Sebzeler
Közlenmiş biber (pişmiş),40.2,Sebzeler
Közlenmiş biber (ızgara),43.8,Sebzeler
Közlenmiş domates,22.0,Sebzeler
Közlenmiş domates (fırınlanmış),26.4,Sebzeler
Közlenmiş domates (haşlanmış),24.2,Sebzeler
Közlenmiş domates (pişmiş),25.3,Sebzeler
Közlenmiş domates (ızgara),27.5,Sebzeler
Közlenmiş patlıcan,30.0,Sebzeler
Közlenmiş patlıcan (fırınlanmış),36.0,Sebzeler
Közlenmiş patlıcan (haşlanmış),33.0,Sebzeler
Közlenmiş patlıcan (pişmiş),34.5,Sebzeler
Közlenmiş patlıcan (ızgara),37.5,Sebzeler
Kırmızı biber,31.0,Sebzeler
Kırmızı biber (fırınlanmış),37.2,Sebzeler
Kırmızı biber (haşlanmış),32.6,Sebzeler
Kırmızı biber (pişmiş),35.6,Sebzeler
Kırmızı biber (ızgara),38.8,Sebzeler
Kırmızı lahana,31.0,Sebzeler
Kırmızı lahana (fırınlanmış),37.2,Sebzeler
Kırmızı lahana (haşlanmış),32.6,Sebzeler
Kırmızı lahana (pişmiş),35.6,Sebzeler
Kırmızı lahana (çiğ),31.0,Sebzeler
Kırmızı lahana (ızgara),38.8,Sebzeler
Kırmızı pancar,43.0,Sebzeler
Kırmızı pancar (fırınlanmış),51.0,Sebzeler
Kırmızı pancar (haşlanmış),47.0,Sebzeler
Kırmızı pancar (pişmiş),49.4,Sebzeler
Kırmızı pancar (ızgara),53.8,Sebzeler
Kıvırcık,14.0,Sebzeler
Kıvırcık (fırınlanmış),16.8,Sebzeler
Kıvırcık (haşlanmış),15.4,Sebzeler
Kıvırcık (pişmiş),16.1,Sebzeler
Kıvırcık (ızgara),17.5,Sebzeler
Kıvırcık lahana,49.0,Sebzeler
Kıvırcık lahana (fırınlanmış),58.8,Sebzeler
Kıvırcık lahana (haşlanmış),53.9,Sebzeler
Kıvırcık lahana (pişmiş),56.3,Sebzeler
Kıvırcık lahana (ızgara),61.2,Sebzeler
Lahana,25.0,Sebzeler
Lahana (beyaz),25.0,Sebzeler
Lahana (beyaz) (haşlanmış),26.2,Sebzeler
Lahana (fırınlanmış),30.0,Sebzeler
Lahana (haşlanmış),26.2,Sebzeler
Lahana (pişmiş),28.7,Sebzeler
Lahana (ızgara),31.2,Sebzeler
Lahana turşusu,20.0,Sebzeler
Lahana turşusu (fırınlanmış),24.0,Sebzeler
Lahana turşusu (haşlanmış),22.0,Sebzeler
Lahana turşusu (pişmiş),23.0,Sebzeler
Lahana turşusu (ızgara),25.0,Sebzeler
Limon kabuğu,47.0,Sebzeler
Limon kabuğu (fırınlanmış),56.4,Sebzeler
Limon kabuğu (haşlanmış),51.7,Sebzeler
Limon kabuğu (pişmiş),54.0,Sebzeler
Limon kabuğu (ızgara),58.8,Sebzeler
Mantar,22.0,Sebzeler
Mantar (fırınlanmış),25.3,Sebzeler
Mantar (haşlanmış),23.1,Sebzeler
Mantar (pişmiş),25.3,Sebzeler
Mantar (ızgara),30.0,Sebzeler
Marul,15.0,Sebzeler
Marul (fırınlanmış),18.0,Sebzeler
Marul (haşlanmış),16.5,Sebzeler
Marul (pişmiş),17.2,Sebzeler
Marul (ızgara),18.8,Sebzeler
Maydanoz,36.0,Sebzeler
Maydanoz (fırınlanmış),43.2,Sebzeler
Maydanoz (haşlanmış),39.6,Sebzeler
Maydanoz (pişmiş),41.4,Sebzeler
Maydanoz (ızgara),45.0,Sebzeler
Mısır (haşlanmış),96.0,Sebzeler
Mısır (taze),86.0,Sebzeler
Mısır (taze) (fırınlanmış),98.9,Sebzeler
Mısır (taze) (haşlanmış),90.3,Sebzeler
Nane,70.0,Sebzeler
Nane (fırınlanmış),84.0,Sebzeler
Nane (haşlanmış),77.0,Sebzeler
Nane (pişmiş),80.5,Sebzeler
Nane (ızgara),87.5,Sebzeler
Pancar,43.0,Sebzeler
Pancar (fırınlanmış),49.4,Sebzeler
Pancar (haşlanmış),45.1,Sebzeler
Pancar (pişmiş),49.4,Sebzeler
Pancar (ızgara),53.8,Sebzeler
Patates (fırınlanmış),95.0,Sebzeler
Patates (haşlanmış),80.0,Sebzeler
Patates (tatlı),86.0,Sebzeler
Patates (tatlı) (fırınlanmış),98.9,Sebzeler
Patates (tatlı) (haşlanmış),90.3,Sebzeler
Patates (ızgara),90.0,Sebzeler
Patlıcan,25.0,Sebzeler
Patlıcan (fırınlanmış),28.7,Sebzeler
Patlıcan (haşlanmış),26.2,Sebzeler
Patlıcan (pişmiş),27.0,Sebzeler
Patlıcan (ızgara),28.7,Sebzeler
Pazı,19.0,Sebzeler
Pazı (fırınlanmış),22.8,Sebzeler
Pazı (haşlanmış),19.9,Sebzeler
Pazı (pişmiş),21.8,Sebzeler
Pazı (ızgara),23.8,Sebzeler
Pırasa,61.0,Sebzeler
Pırasa (fırınlanmış),70.1,Sebzeler
Pırasa (haşlanmış),64.0,Sebzeler
Pırasa (pişmiş),65.0,Sebzeler
Pırasa (yaprak),45.0,Sebzeler
Pırasa (yaprak) (haşlanmış),47.2,Sebzeler
Pırasa (ızgara),76.2,Sebzeler
Renkli biber,31.0,Sebzeler
Renkli biber (fırınlanmış),37.2,Sebzeler
Renkli biber (haşlanmış),32.6,Sebzeler
Renkli biber (pişmiş),35.6,Sebzeler
Renkli biber (ızgara),38.8,Sebzeler
Rezene,31.0,Sebzeler
Rezene (fırınlanmış),35.6,Sebzeler
Rezene (haşlanmış),32.6,Sebzeler
Rezene (pişmiş),35.6,Sebzeler
Rezene (ızgara),38.8,Sebzeler
Roka,25.0,Sebzeler
Roka (fırınlanmış),30.0,Sebzeler
Roka (haşlanmış),27.5,Sebzeler
Roka (pişmiş),28.7,Sebzeler
Roka (ızgara),31.2,Sebzeler
Salatalık,16.0,Sebzeler
Salatalık (fırınlanmış),19.2,Sebzeler
Salatalık (haşlanmış),17.6,Sebzeler
Salatalık (pişmiş),18.4,Sebzeler
Salatalık (ızgara),20.0,Sebzeler
Salatalık turşusu,12.0,Sebzeler
Salatalık turşusu (fırınlanmış),14.4,Sebzeler
Salatalık turşusu (haşlanmış),13.2,Sebzeler
Salatalık turşusu (pişmiş),13.8,Sebzeler
Salatalık turşusu (ızgara),15.0,Sebzeler
Sarımsak,149.0,Sebzeler
Sarımsak (fırınlanmış),178.8,Sebzeler
Sarımsak (haşlanmış),156.5,Sebzeler
Sarımsak (pişmiş),120.0,Sebzeler
Sarımsak (çiğ),149.0,Sebzeler
Sarımsak (ızgara),186.2,Sebzeler
Semizotu,20.0,Sebzeler
Semizotu (fırınlanmış),24.0,Sebzeler
Semizotu (haşlanmış),22.0,Sebzeler
Semizotu (pişmiş),23.0,Sebzeler
Semizotu (ızgara),25.0,Sebzeler
Sivri biber,29.0,Sebzeler
Sivri biber (fırınlanmış),34.8,Sebzeler
Sivri biber (haşlanmış),30.5,Sebzeler
Sivri biber (pişmiş),31.3,Sebzeler
Sivri biber (ızgara),33.3,Sebzeler
Soğan,40.0,Sebzeler
Soğan (fırınlanmış),46.0,Sebzeler
Soğan (haşlanmış),42.0,Sebzeler
Soğan (pişmiş),43.2,Sebzeler
Soğan (ızgara),46.0,Sebzeler
Tatlı patates (fırınlanmış),100.0,Sebzeler
Tatlı patates (haşlanmış),90.0,Sebzeler
Taze fasulye,31.0,Sebzeler
Taze fasulye (fırınlanmış),35.6,Sebzeler
Taze fasulye (haşlanmış),32.6,Sebzeler
Taze fasulye (pişmiş),35.6,Sebzeler
Taze fasulye (ızgara),38.8,Sebzeler
Taze soğan,32.0,Sebzeler
Taze soğan (fırınlanmış),38.4,Sebzeler
Taze soğan (haşlanmış),35.2,Sebzeler
Taze soğan (pişmiş),35.0,Sebzeler
Taze soğan (ızgara),40.0,Sebzeler
Tere,32.0,Sebzeler
Tere (fırınlanmış),38.4,Sebzeler
Tere (haşlanmış),35.2,Sebzeler
Tere (pişmiş),36.8,Sebzeler
Tere (ızgara),40.0,Sebzeler
Turp,16.0,Sebzeler
Turp (fırınlanmış),19.2,Sebzeler
Turp (haşlanmış),16.8,Sebzeler
Turp (pişmiş),18.4,Sebzeler
Turp (ızgara),20.0,Sebzeler
Yeşil biber,29.0,Sebzeler
Yeşil biber (fırınlanmış),34.8,Sebzeler
Yeşil biber (haşlanmış),30.5,Sebzeler
Yeşil biber (pişmiş),33.3,Sebzeler
Yeşil biber (ızgara),36.2,Sebzeler
Yeşil soğan,32.0,Sebzeler
Yeşil soğan (fırınlanmış),38.4,Sebzeler
Yeşil soğan (haşlanmış),33.6,Sebzeler
Yeşil soğan (pişmiş),36.8,Sebzeler
Yeşil soğan (ızgara),40.0,Sebzeler
Zencefil,80.0,Sebzeler
Zencefil (fırınlanmış),96.0,Sebzeler
Zencefil (haşlanmış),84.0,Sebzeler
Zencefil (pişmiş),92.0,Sebzeler
Zencefil (ızgara),100.0,Sebzeler
Zerdeçal,312.0,Sebzeler
Zerdeçal (fırınlanmış),374.4,Sebzeler
Zerdeçal (haşlanmış),327.6,Sebzeler
Zerdeçal (pişmiş),358.8,Sebzeler
Zerdeçal (ızgara),390.0,Sebzeler
İstiridye mantarı,33.0,Sebzeler
İstiridye mantarı (fırınlanmış),39.6,Sebzeler
İstiridye mantarı (haşlanmış),34.6,Sebzeler
İstiridye mantarı (pişmiş),37.9,Sebzeler
İstiridye mantarı (ızgara),41.2,Sebzeler
Şalgam,28.0,Sebzeler
Şalgam (fırınlanmış),32.2,Sebzeler
Şalgam (haşlanmış),29.4,Sebzeler
Şalgam (pişmiş),32.2,Sebzeler
Şalgam (ızgara),35.0,Sebzeler
Ayran,36.0,Süt ve Süt Ürünleri
Ayran (hazır),36.0,Süt ve Süt Ürünleri
Ayran (tuzsuz),30.0,Süt ve Süt Ürünleri
Beyaz peynir,264.0,Süt ve Süt Ürünleri
Dil peyniri,320.0,Süt ve Süt Ürünleri
Dondurma (sade),207.0,Süt ve Süt Ürünleri
Dondurma (çikolatalı),216.0,Süt ve Süt Ürünleri
Eski kaşar,410.0,Süt ve Süt Ürünleri
Ezine peyniri,280.0,Süt ve Süt Ürünleri
Hellim,321.0,Süt ve Süt Ürünleri
Hellim peyniri,321.0,Süt ve Süt Ürünleri
Kars kaşarı,404.0,Süt ve Süt Ürünleri
Kaymak,600.0,Süt ve Süt Ürünleri
Kaşar peyniri,404.0,Süt ve Süt Ürünleri
Kaşkaval,380.0,Süt ve Süt Ürünleri
Kefir,41.0,Süt ve Süt Ürünleri
Kefir (meyveli),60.0,Süt ve Süt Ürünleri
Kefir (sade),41.0,Süt ve Süt Ürünleri
Keçi peyniri,300.0,Süt ve Süt Ürünleri
Keçi sütü,69.0,Süt ve Süt Ürünleri
Krem peynir,342.0,Süt ve Süt Ürünleri
Krema,340.0,Süt ve Süt Ürünleri
Köy peyniri,300.0,Süt ve Süt Ürünleri
Köy yoğurdu,60.0,Süt ve Süt Ürünleri
Labne,240.0,Süt ve Süt Ürünleri
Lor peyniri,174.0,Süt ve Süt Ürünleri
Lor peyniri (tuzsuz),170.0,Süt ve Süt Ürünleri
Mihaliç peyniri,350.0,Süt ve Süt Ürünleri
Mozzarella,280.0,Süt ve Süt Ürünleri
Probiyotik yoğurt,59.0,Süt ve Süt Ürünleri
Süt,42.0,Süt ve Süt Ürünleri
Süt (laktozsuz),42.0,Süt ve Süt Ürünleri
Süt (tam yağlı),60.0,Süt ve Süt Ürünleri
Süt (yarım yağlı),47.0,Süt ve Süt Ürünleri
Süt (yağlı),61.0,Süt ve Süt Ürünleri
Süt (yağsız),34.0,Süt ve Süt Ürünleri
Süt kreması,340.0,Süt ve Süt Ürünleri
Süt tozu,496.0,Süt ve Süt Ürünleri
Süzme yoğurt,95.0,Süt ve Süt Ürünleri
Tam yağlı süt,61.0,Süt ve Süt Ürünleri
Trakya eski kaşar,410.0,Süt ve Süt Ürünleri
Tulum peyniri,364.0,Süt ve Süt Ürünleri
Tuzsuz peynir,250.0,Süt ve Süt Ürünleri
Yarım yağlı süt,45.0,Süt ve Süt Ürünleri
Yağsız süt,34.0,Süt ve Süt Ürünleri
Yoğurt,59.0,Süt ve Süt Ürünleri
Yoğurt (az yağlı),45.0,Süt ve Süt Ürünleri
Yoğurt (ev yapımı),61.0,Süt ve Süt Ürünleri
Yoğurt (meyveli),100.0,Süt ve Süt Ürünleri
Yoğurt (süzme),95.0,Süt ve Süt Ürünleri
Yoğurt (tam yağlı),65.0,Süt ve Süt Ürünleri
Yoğurt (yağlı),61.0,Süt ve Süt Ürünleri
Yoğurt (yağsız),40.0,Süt ve Süt Ürünleri
Yoğurt içeceği,50.0,Süt ve Süt Ürünleri
Çerkez peyniri,300.0,Süt ve Süt Ürünleri
Çeçil peyniri,320.0,Süt ve Süt Ürünleri
Çökelek,130.0,Süt ve Süt Ürünleri
Çökelek (tuzlu),160.0,Süt ve Süt Ürünleri
Örgü peyniri,320.0,Süt ve Süt Ürünleri
İzmir tulumu,380.0,Süt ve Süt Ürünleri
Arpa,354.0,Tahıllar ve Ekmekler
Arpa (pişmiş),123.0,Tahıllar ve Ekmekler
Arpa şehriye,371.0,Tahıllar ve Ekmekler
Arpa şehriye (pişmiş),130.0,Tahıllar ve Ekmekler
Bazlama,290.0,Tahıllar ve Ekmekler
Beyaz pirinç (pişmiş),130.0,Tahıllar ve Ekmekler
Beyaz un,364.0,Tahıllar ve Ekmekler
Bulgur,342.0,Tahıllar ve Ekmekler
Bulgur (haşlanmış),83.0,Tahıllar ve Ekmekler
Bulgur (pişmiş),83.0,Tahıllar ve Ekmekler
Bulgur pilavı (pişmiş),110.0,Tahıllar ve Ekmekler
Buğday (aşurelik),340.0,Tahıllar ve Ekmekler
Buğday (aşurelik) (pişmiş),130.0,Tahıllar ve Ekmekler
Börek,400.0,Tahıllar ve Ekmekler
Ekmek (baget),267.0,Tahıllar ve Ekmekler
Ekmek (beyaz),265.0,Tahıllar ve Ekmekler
Ekmek (ekşi mayalı),250.0,Tahıllar ve Ekmekler
Ekmek (glutensiz),250.0,Tahıllar ve Ekmekler
Ekmek (kepekli),252.0,Tahıllar ve Ekmekler
Ekmek (köy),260.0,Tahıllar ve Ekmekler
Ekmek (sandviç),265.0,Tahıllar ve Ekmekler
Ekmek (tam buğday),247.0,Tahıllar ve Ekmekler
Ekmek (tam tahıllı),250.0,Tahıllar ve Ekmekler
Ekmek (çavdar),259.0,Tahıllar ve Ekmekler
Erişte,371.0,Tahıllar ve Ekmekler
Erişte (pişmiş),131.0,Tahıllar ve Ekmekler
Erişte (çiğ),371.0,Tahıllar ve Ekmekler
Esmer pirinç (pişmiş),123.0,Tahıllar ve Ekmekler
Galeta,350.0,Tahıllar ve Ekmekler
Galeta unu,380.0,Tahıllar ve Ekmekler
Gözleme,290.0,Tahıllar ve Ekmekler
Karabuğday,343.0,Tahıllar ve Ekmekler
Karabuğday (pişmiş),92.0,Tahıllar ve Ekmekler
Kepekli ekmek,240.0,Tahıllar ve Ekmekler
Kepekli makarna (pişmiş),125.0,Tahıllar ve Ekmekler
Kinoa,368.0,Tahıllar ve Ekmekler
Kinoa (pişmiş),120.0,Tahıllar ve Ekmekler
Kraker,430.0,Tahıllar ve Ekmekler
Krep,224.0,Tahıllar ve Ekmekler
Krep (pişmiş),224.0,Tahıllar ve Ekmekler
Kuskus,376.0,Tahıllar ve Ekmekler
Kuskus (haşlanmış),112.0,Tahıllar ve Ekmekler
Kuskus (pişmiş),112.0,Tahıllar ve Ekmekler
Köftelik bulgur,342.0,Tahıllar ve Ekmekler
Lavaş,300.0,Tahıllar ve Ekmekler
Makarna,371.0,Tahıllar ve Ekmekler
Makarna (pişmiş),131.0,Tahıllar ve Ekmekler
Mantı (pişmiş),220.0,Tahıllar ve Ekmekler
Mısır ekmeği,260.0,Tahıllar ve Ekmekler
Mısır gevreği,370.0,Tahıllar ve Ekmekler
Mısır patlağı,387.0,Tahıllar ve Ekmekler
Mısır unu,365.0,Tahıllar ve Ekmekler
Nişasta,381.0,Tahıllar ve Ekmekler
Nişasta (mısır),381.0,Tahıllar ve Ekmekler
Patlamış mısır,387.0,Tahıllar ve Ekmekler
Pide,275.0,Tahıllar ve Ekmekler
Pide ekmeği,275.0,Tahıllar ve Ekmekler
Pilavlık bulgur,342.0,Tahıllar ve Ekmekler
Pirinç patlağı,380.0,Tahıllar ve Ekmekler
Pirinç,365.0,Tahıllar ve Ekmekler
Pirinç (haşlanmış),130.0,Tahıllar ve Ekmekler
Pirinç (pişmiş),130.0,Tahıllar ve Ekmekler
Pirinç patlağı,387.0,Tahıllar ve Ekmekler
Poğaça,360.0,Tahıllar ve Ekmekler
Simit,340.0,Tahıllar ve Ekmekler
Simit (susamlı),340.0,Tahıllar ve Ekmekler
Simit (susamsız),320.0,Tahıllar ve Ekmekler
Tam buğday makarna (pişmiş),124.0,Tahıllar ve Ekmekler
Tam buğday unu,340.0,Tahıllar ve Ekmekler
Tarhana (pişmiş),60.0,Tahıllar ve Ekmekler
Tarhana çorbası,45.0,Tahıllar ve Ekmekler
Tost ekmeği,265.0,Tahıllar ve Ekmekler
Un (buğday),364.0,Tahıllar ve Ekmekler
Yufka,310.0,Tahıllar ve Ekmekler
Yulaf,389.0,Tahıllar ve Ekmekler
Yulaf (pişmiş),71.0,Tahıllar ve Ekmekler
Çavdar ekmeği,259.0,Tahıllar ve Ekmekler
Çubuk kraker,480.0,Tahıllar ve Ekmekler
İrmik,360.0,Tahıllar ve Ekmekler
Şehriye,365.0,Tahıllar ve Ekmekler
Şehriye (pişmiş),130.0,Tahıllar ve Ekmekler
Hindi but (fırınlanmış),200.0,Tavuk ve Hindi
Hindi but (çiğ),160.0,Tavuk ve Hindi
Hindi but (ızgara),200.0,Tavuk ve Hindi
Hindi fileto (çiğ),111.0,Tavuk ve Hindi
Hindi fileto (ızgara),135.0,Tavuk ve Hindi
Hindi füme,110.0,Tavuk ve Hindi
Hindi füme (fırınlanmış),132.0,Tavuk ve Hindi
Hindi füme (pişmiş),121.0,Tavuk ve Hindi
Hindi füme (ızgara),126.5,Tavuk ve Hindi
Hindi göğsü (fırınlanmış),138.8,Tavuk ve Hindi
Hindi göğsü (çiğ),111.0,Tavuk ve Hindi
Hindi göğsü (ızgara),138.8,Tavuk ve Hindi
Hindi şiş (ızgara),170.0,Tavuk ve Hindi
Tavuk baget (fırınlanmış),243.0,Tavuk ve Hindi
Tavuk baget (çiğ),180.0,Tavuk ve Hindi
Tavuk baget (ızgara),243.0,Tavuk ve Hindi
Tavuk but (fırınlanmış),216.0,Tavuk ve Hindi
Tavuk but (çiğ),160.0,Tavuk ve Hindi
Tavuk but (ızgara),216.0,Tavuk ve Hindi
Tavuk bütün (fırınlanmış),216.0,Tavuk ve Hindi
Tavuk bütün (çiğ),160.0,Tavuk ve Hindi
Tavuk bütün (ızgara),216.0,Tavuk ve Hindi
Tavuk fileto (çiğ),120.0,Tavuk ve Hindi
Tavuk fileto (ızgara),165.0,Tavuk ve Hindi
Tavuk göğsü (fırınlanmış),162.0,Tavuk ve Hindi
Tavuk göğsü (çiğ),120.0,Tavuk ve Hindi
Tavuk göğsü (ızgara),162.0,Tavuk ve Hindi
Tavuk kanat (fırınlanmış),359.1,Tavuk ve Hindi
Tavuk kanat (çiğ),266.0,Tavuk ve Hindi
Tavuk kanat (ızgara),359.1,Tavuk ve Hindi
Tavuk kıyma,170.0,Tavuk ve Hindi
Tavuk kıyma (fırınlanmış),204.0,Tavuk ve Hindi
Tavuk kıyma (pişmiş),187.0,Tavuk ve Hindi
Tavuk kıyma (ızgara),195.5,Tavuk ve Hindi
Tavuk şinitzel,250.0,Tavuk ve Hindi
Tavuk şinitzel (fırınlanmış),300.0,Tavuk ve Hindi
Tavuk şinitzel (pişmiş),275.0,Tavuk ve Hindi
Tavuk şinitzel (ızgara),287.5,Tavuk ve Hindi
Tavuk şiş (ızgara),190.0,Tavuk ve Hindi
Ayçiçek yağı,884.0,Yağlar
Fındık yağı,884.0,Yağlar
Hindistan cevizi yağı,862.0,Yağlar
Kanola yağı,884.0,Yağlar
Kuyruk yağı,902.0,Yağlar
Margarin,717.0,Yağlar
Mısırözü yağı,884.0,Yağlar
Susam yağı,884.0,Yağlar
Tereyağı,717.0,Yağlar
Tereyağı (tuzsuz),717.0,Yağlar
Zeytinyağı,884.0,Yağlar
Zeytinyağı (sızma),884.0,Yağlar
İç yağı,902.0,Yağlar
Menemen (pişmiş),120.0,Yumurta
Omlet (pişmiş),210.0,Yumurta
Omlet (sade),154.0,Yumurta
Yumurta,155.0,Yumurta
Yumurta (haşlanmış),155.0,Yumurta
Yumurta (pişmiş),155.0,Yumurta
Yumurta beyazı,52.0,Yumurta
Yumurta sarısı,322.0,Yumurta
Aromalı maden suyu,5.0,İçecekler (Alkollü / Alkolsüz)
Ayran (ev yapımı),36.0,İçecekler (Alkollü / Alkolsüz)
Ayran (içecek),36.0,İçecekler (Alkollü / Alkolsüz)
Ayran (yayık),36.0,İçecekler (Alkollü / Alkolsüz)
Açık çay,1.0,İçecekler (Alkollü / Alkolsüz)
Bira,43.0,İçecekler (Alkollü / Alkolsüz)
Bira (alkolsüz),20.0,İçecekler (Alkollü / Alkolsüz)
Bira (aromalı),55.0,İçecekler (Alkollü / Alkolsüz)
Bira (açık),43.0,İçecekler (Alkollü / Alkolsüz)
Bira (buğday),45.0,İçecekler (Alkollü / Alkolsüz)
Bira (ithal),45.0,İçecekler (Alkollü / Alkolsüz)
Bira (koyu),50.0,İçecekler (Alkollü / Alkolsüz)
Bira (kutu),43.0,İçecekler (Alkollü / Alkolsüz)
Bira (yerli),43.0,İçecekler (Alkollü / Alkolsüz)
Bira (yöresel),50.0,İçecekler (Alkollü / Alkolsüz)
Bira (şişe),43.0,İçecekler (Alkollü / Alkolsüz)
Bitki çayı,1.0,İçecekler (Alkollü / Alkolsüz)
Boza,70.0,İçecekler (Alkollü / Alkolsüz)
Cin,263.0,İçecekler (Alkollü / Alkolsüz)
Elma suyu,46.0,İçecekler (Alkollü / Alkolsüz)
Gazoz,40.0,İçecekler (Alkollü / Alkolsüz)
Hoşaf,80.0,İçecekler (Alkollü / Alkolsüz)
Kahve,2.0,İçecekler (Alkollü / Alkolsüz)
Kola,42.0,İçecekler (Alkollü / Alkolsüz)
Komposto,60.0,İçecekler (Alkollü / Alkolsüz)
Konyak,239.0,İçecekler (Alkollü / Alkolsüz)
Köpüklü şarap,76.0,İçecekler (Alkollü / Alkolsüz)
Likör,300.0,İçecekler (Alkollü / Alkolsüz)
Likör (meyveli),300.0,İçecekler (Alkollü / Alkolsüz)
Limonata,40.0,İçecekler (Alkollü / Alkolsüz)
Maden suyu,0.0,İçecekler (Alkollü / Alkolsüz)
Meyve suyu,45.0,İçecekler (Alkollü / Alkolsüz)
Nar suyu,60.0,İçecekler (Alkollü / Alkolsüz)
Portakal suyu,45.0,İçecekler (Alkollü / Alkolsüz)
Rakı,250.0,İçecekler (Alkollü / Alkolsüz)
Rakı (40°),250.0,İçecekler (Alkollü / Alkolsüz)
Rakı (45°),280.0,İçecekler (Alkollü / Alkolsüz)
Rakı (düşük alkollü),220.0,İçecekler (Alkollü / Alkolsüz)
Rom,231.0,İçecekler (Alkollü / Alkolsüz)
Sahlep,90.0,İçecekler (Alkollü / Alkolsüz)
Salep,80.0,İçecekler (Alkollü / Alkolsüz)
Soda,0.0,İçecekler (Alkollü / Alkolsüz)
Soda (meyveli),35.0,İçecekler (Alkollü / Alkolsüz)
Soğuk çay,30.0,İçecekler (Alkollü / Alkolsüz)
Su,0.0,İçecekler (Alkollü / Alkolsüz)
Süt (çikolatalı),80.0,İçecekler (Alkollü / Alkolsüz)
Sıcak çikolata,83.0,İçecekler (Alkollü / Alkolsüz)
Tekila,250.0,İçecekler (Alkollü / Alkolsüz)
Türk kahvesi,2.0,İçecekler (Alkollü / Alkolsüz)
Türk kahvesi (şekerli),40.0,İçecekler (Alkollü / Alkolsüz)
Türk kahvesi (şekersiz),2.0,İçecekler (Alkollü / Alkolsüz)
Vermut,140.0,İçecekler (Alkollü / Alkolsüz)
Viski,250.0,İçecekler (Alkollü / Alkolsüz)
Votka,231.0,İçecekler (Alkollü / Alkolsüz)
Çay,1.0,İçecekler (Alkollü / Alkolsüz)
Üzüm suyu,60.0,İçecekler (Alkollü / Alkolsüz)
Şalgam suyu,20.0,İçecekler (Alkollü / Alkolsüz)
Şampanya,90.0,İçecekler (Alkollü / Alkolsüz)
Şarap,83.0,İçecekler (Alkollü / Alkolsüz)
Şarap (beyaz),82.0,İçecekler (Alkollü / Alkolsüz)
Şarap (gül),83.0,İçecekler (Alkollü / Alkolsüz)
Şarap (ithal),83.0,İçecekler (Alkollü / Alkolsüz)
Şarap (köpüklü),90.0,İçecekler (Alkollü / Alkolsüz)
Şarap (kırmızı),85.0,İçecekler (Alkollü / Alkolsüz)
Şarap (sek),83.0,İçecekler (Alkollü / Alkolsüz)
Şarap (tatlı),120.0,İçecekler (Alkollü / Alkolsüz)
Şarap (yerli),83.0,İçecekler (Alkollü / Alkolsüz)
Şekersiz kahve,2.0,İçecekler (Alkollü / Alkolsüz)
Şekersiz çay,1.0,İçecekler (Alkollü / Alkolsüz)
Şerbet,110.0,İçecekler (Alkollü / Alkolsüz)
Şerbet (geleneksel),110.0,İçecekler (Alkollü / Alkolsüz)
Şıra,50.0,İçecekler (Alkollü / Alkolsüz)
Aşure,230.0,Şekerleme ve Tatlılar
Baklava,430.0,Şekerleme ve Tatlılar
Bal,304.0,Şekerleme ve Tatlılar
Bal (çiçek),304.0,Şekerleme ve Tatlılar
Bisküvi,450.0,Şekerleme ve Tatlılar
Bisküvi (sade),450.0,Şekerleme ve Tatlılar
Cezerye,370.0,Şekerleme ve Tatlılar
Dondurma,207.0,Şekerleme ve Tatlılar
Güllaç,230.0,Şekerleme ve Tatlılar
Helva,516.0,Şekerleme ve Tatlılar
Kabak tatlısı,150.0,Şekerleme ve Tatlılar
Kadayıf,400.0,Şekerleme ve Tatlılar
Kazandibi,160.0,Şekerleme ve Tatlılar
Kek,350.0,Şekerleme ve Tatlılar
Kraker (tuzlu),430.0,Şekerleme ve Tatlılar
Kurabiye,480.0,Şekerleme ve Tatlılar
Künefe,430.0,Şekerleme ve Tatlılar
Lokma tatlısı,400.0,Şekerleme ve Tatlılar
Lokum,333.0,Şekerleme ve Tatlılar
Muhallebi,120.0,Şekerleme ve Tatlılar
Pasta,350.0,Şekerleme ve Tatlılar
Pekmez,293.0,Şekerleme ve Tatlılar
Pekmez (dut),293.0,Şekerleme ve Tatlılar
Pekmez (üzüm),293.0,Şekerleme ve Tatlılar
Pestil,300.0,Şekerleme ve Tatlılar
Profiterol,300.0,Şekerleme ve Tatlılar
Puding,120.0,Şekerleme ve Tatlılar
Revani,320.0,Şekerleme ve Tatlılar
Reçel,278.0,Şekerleme ve Tatlılar
Reçel (kayısı),278.0,Şekerleme ve Tatlılar
Reçel (vişne),278.0,Şekerleme ve Tatlılar
Reçel (çilek),278.0,Şekerleme ve Tatlılar
Sütlaç,140.0,Şekerleme ve Tatlılar
Tahin helvası,516.0,Şekerleme ve Tatlılar
Tahın,595.0,Şekerleme ve Tatlılar
Tavukgöğsü tatlısı,150.0,Şekerleme ve Tatlılar
Trileçe,260.0,Şekerleme ve Tatlılar
Tulumba tatlısı,350.0,Şekerleme ve Tatlılar
Çikolata,546.0,Şekerleme ve Tatlılar
Çikolata (bitter),546.0,Şekerleme ve Tatlılar
Çikolata (sütlü),535.0,Şekerleme ve Tatlılar
İrmik helvası,420.0,Şekerleme ve Tatlılar
İrmik tatlısı,320.0,Şekerleme ve Tatlılar
Şambali,420.0,Şekerleme ve Tatlılar
Şeker,387.0,Şekerleme ve Tatlılar
Şekerpare,420.0,Şekerleme ve Tatlılar
